{
  "timeZone": "Europe/London",
  "dependencies": {},
  "exceptionLogging": "STACKDRIVER",
  "runtimeVersion": "V8",
  "webapp": {
    "executeAs": "USER_DEPLOYING",
    "access": "ANYONE_ANONYMOUS"
  },
  "oauthScopes": [
    "https://www.googleapis.com/auth/spreadsheets",
    "https://www.googleapis.com/auth/script.container.ui",
    "https://www.googleapis.com/auth/userinfo.email",
    "https://www.googleapis.com/auth/script.external_request",
    "https://www.googleapis.com/auth/script.projects",
    "https://www.googleapis.com/auth/script.projects.readonly"
  ]
}
